Name,Gender,DateOfBirth,Industry,Income
Forrest Fernandez,2,4/12/2018,Tristique Limited,91 493
Helen Harrington,2,29/03/2020,Luctus Ipsum Corporation,36 516
Brianna Rios,2,6/08/2018,Nec Tellus Company,48 806
Rahim Kinney,2,25/06/2019,Bibendum Associates,80 670
Erasmus Rosa,1,5/08/2019,Lorem Vehicula Et Consulting,18 197
Lunea Sutton,1,7/04/2019,Inceptos Hymenaeos Mauris Corporation,73 384
Orlando Bell,2,5/06/2019,Mi Pede Incorporated,73 999
Ahmed Monroe,2,23/11/2019,Rutrum Institute,69 263
Autumn Marshall,2,17/10/2019,Egestas A Inc.,94 849
Robert Herring,2,9/11/2018,Nisi Associates,29 224
Yvette Ramos,1,5/11/2018,Ultricies Industries,61 549
Camilla Porter,1,23/07/2018,Montes Nascetur LLP,62 762
Xena Huffman,1,23/11/2018,Porttitor Consulting,94 731
Yoko Keith,1,23/06/2020,Felis Associates,52 156
Karly Hill,2,26/04/2020,Sodales At PC,99 624
Nina Vaughan,1,4/03/2020,Eu Enim Consulting,35 053
Tanner Rosales,2,20/10/2019,Vitae Inc.,57 323
Celeste Hunter,1,31/03/2020,Ipsum Cursus Vestibulum Institute,59 537
Chloe Cruz,1,4/11/2019,Vitae Odio Sagittis LLP,82 233
Micah Schwartz,2,23/10/2019,Diam Associates,25 413
Kasper Petersen,2,31/05/2020,A LLP,26 378
Gail Harper,2,20/03/2020,Erat Neque Non Inc.,91 153
Patience Miles,1,9/06/2019,A Odio Semper LLP,38 583
Hyacinth Holden,1,13/06/2019,Pede Blandit Congue Incorporated,46 917
Todd Mcclure,2,25/11/2018,Libero Corporation,28 302
Barrett Clayton,1,9/07/2020,Sed LLC,87 988
Emmanuel Padilla,2,12/01/2020,Porttitor Eros Corp.,32 256
Amena Baxter,2,13/02/2020,Dolor Tempus Non Limited,10 654
Duncan Collier,2,4/10/2018,Lorem LLC,92 651
Asher Hudson,1,10/03/2020,Aenean Sed LLP,55 676
Ramona Jimenez,1,12/12/2019,Magna Tellus Faucibus Incorporated,60 453
Simon Harmon,2,8/01/2019,Dui Nec Urna Incorporated,69 344
Noelani Buckner,1,30/12/2019,Non Justo Corp.,80 192
Wang Grimes,1,23/07/2019,Ornare Fusce Mollis Consulting,90 917
Gretchen Buckley,1,5/11/2019,Donec PC,46 061
Dillon Gentry,2,16/02/2019,Sagittis Augue Eu Foundation,54 694
Curran Holcomb,1,17/07/2019,Nec Metus Limited,87 128
Moses Forbes,1,21/08/2019,Est Mauris Ltd,89 169
Lisandra Ferguson,1,12/12/2019,Proin Sed Turpis Limited,77 582
Ifeoma Klein,1,13/09/2019,Sit Amet Nulla Corporation,42 353
Francesca Rose,2,10/06/2019,Eleifend LLC,22 593
Benedict Warner,1,13/03/2020,Sed Leo Incorporated,15 892
Bernard Phelps,1,5/04/2020,Phasellus Nulla Integer Foundation,86 691
Tobias Watkins,2,13/06/2020,Lacinia Sed Congue LLP,30 951
Madaline Nixon,1,3/03/2020,Amet LLP,31 051
Abraham Goodwin,2,12/01/2019,Lacus Industries,98 499
Jarrod Greer,2,20/09/2018,Nibh Dolor Nonummy Limited,40 612
Ayanna Romero,2,13/09/2019,Non Luctus Ltd,95 670
Sharon Flowers,1,22/09/2018,Bibendum Fermentum Ltd,98 432
Jaden Leon,2,18/08/2018,Nonummy Fusce Fermentum Limited,64 815
Allistair Fernandez,2,22/07/2018,Metus In Nec Industries,99 075
James Valentine,1,23/06/2020,A Industries,62 823
Demetria Fleming,2,17/11/2018,Proin Velit Industries,86 308
Chiquita Roberts,2,30/10/2018,Tortor Dictum Associates,52 321
Dexter Castillo,1,23/10/2019,Risus Donec Ltd,32 230
Fletcher Bates,2,7/01/2020,Non Vestibulum Nec Corporation,50 185
Lamar Gray,1,12/08/2018,Neque Pellentesque PC,63 958
Justine Reynolds,2,5/04/2019,Taciti Industries,94 209
Dale Jarvis,1,21/04/2020,Nonummy LLP,98 102
Shaeleigh Dorsey,1,5/11/2018,Et Rutrum Non PC,79 815
Reagan Rhodes,2,26/03/2020,Suspendisse Non Incorporated,96 690
Cruz Park,2,6/05/2020,Ultrices PC,81 669
Dustin Roy,2,4/11/2018,Nulla Tincidunt Neque Incorporated,70 082
Cade Ashley,2,10/01/2019,Diam Proin Company,97 568
Brent Hobbs,1,4/03/2020,A Dui Institute,46 949
Ray Salazar,1,18/03/2020,Conubia Industries,58 453
Vielka Bowman,2,25/04/2020,Non Lacinia PC,26 505
Wyatt Smith,1,31/07/2019,Sit Amet Risus Incorporated,80 788
Finn Maddox,1,26/06/2019,Pellentesque Ultricies Dignissim Inc.,59 894
Dylan Whitehead,1,23/11/2019,Nulla Integer Corporation,11 240
Susan Cardenas,1,30/05/2019,Euismod Ac Fermentum Corporation,37 849
Daryl Meyers,2,22/12/2019,Libero Est Incorporated,22 291
Sopoline Macdonald,1,17/03/2019,Sed Pede Consulting,59 642
Ursa Richard,2,14/12/2018,Odio Phasellus At Ltd,23 414
Karina Bradley,1,29/05/2020,Nec LLP,62 949
Chase Faulkner,1,24/06/2019,Sed LLC,23 665
Cara Horn,2,4/05/2020,Odio Limited,31 566
Madeline Blankenship,2,4/01/2019,Ad Litora Limited,48 691
India Mcmahon,1,4/01/2019,Aliquam Tincidunt Nunc Industries,33 494
Silas Wilcox,1,15/09/2019,Inceptos Hymenaeos Mauris Inc.,24 281
Dominique Maldonado,2,23/10/2019,Auctor Vitae Incorporated,47 072
Cyrus Frost,1,3/01/2020,Sed Consequat Auctor Company,70 446
Kaden Peters,2,4/01/2020,Pede Foundation,55 652
Karly Vega,2,27/02/2020,Auctor Mauris Limited,15 194
Dora Little,2,1/05/2019,At Lacus Company,76 580
Quail Harris,1,1/05/2020,Lorem Corp.,42 889
Quynn Pickett,2,20/05/2019,Accumsan Interdum Ltd,73 614
Maile Kent,2,2/01/2019,Magna Sed LLC,99 119
Uriel Roberts,2,21/04/2019,Vestibulum Massa Rutrum Foundation,50 377
Francis Taylor,1,10/11/2019,Sapien Institute,82 661
Kerry Delgado,1,1/02/2020,Semper Rutrum Fusce Corporation,26 496
Lacota Gallegos,2,22/09/2018,Accumsan Sed Consulting,98 102
Ursa Meyers,1,14/02/2020,Dictum Associates,52 353
Anne Hall,1,5/05/2020,Tristique Corporation,12 654
Ali Rogers,1,27/10/2019,Neque Et Nunc LLC,92 687
Orlando Valentine,1,27/11/2019,Magna Cras LLC,39 563
Rose Burgess,1,21/09/2019,Nec Ante Blandit Limited,36 587
Cade Spence,1,11/08/2018,Nulla Company,62 780
Maxwell Hendrix,1,31/08/2018,Aliquet Molestie Company,89 064
Sophia Branch,2,31/10/2019,Mauris Associates,79 135
